,ID,title,author,url,created_utc,num_comments,score
0,usia07,Netflix customers canceling service increasingly includes long-term subscribers,08830,https://9to5mac.com/2022/05/18/netflix-long-term-subscribers-canceling-service-increased/,1652895325.0,9045,72023
1,v1pbcy,"Netflix's plan to charge people for sharing passwords is already a mess before it's even begun, report suggests",Sorin61,https://www.businessinsider.com/netflix-password-sharing-crackdown-already-a-mess-report-2022-5,1654000658.0,5294,60478
2,u9oeac,Netflix Officially Adding Commercials,Viox3,https://popculture.com/streaming/news/netflix-officially-adding-commercials/,1650660630.0,15704,68739
3,upf217,"Netflix to Employees: If You Don’t Like Our Content, You Can Quit",OptimalConcept,https://www.wsj.com/articles/netflix-to-employees-if-you-dont-like-our-content-you-can-quit-11652478092,1652526740.0,4375,50101
4,un4bap,"Netflix tells employees ads may come by the end of 2022, plans to begin cracking down on password sharing around the same time",HighBudget,https://www.nytimes.com/2022/05/10/business/media/netflix-commercials.html,1652254457.0,4115,22190
5,u7ef0q,Netflix shares crater 20% after company reports it lost subscribers for the first time in more than 10 years,College_Prestige,https://www.cnbc.com/2022/04/19/netflix-nflx-earnings-q1-2022.html,1650399392.0,9101,66208
6,v271ka,Netflix’s anti-password sharing experiment in Peru reportedly leaves users confused,n1ght_w1ng08,https://www.theverge.com/2022/5/31/23149206/netflix-password-sharing-crackdown-peru-experiment,1654052202.0,899,7395
7,ubh8ww,Netflix’s subscriber loss has destroyed employee morale,AnimePrimeMinister,https://www.bloomberg.com/news/newsletters/2022-04-24/netflix-losing-subscribers-may-also-cost-it-star-employees,1650879613.0,5739,34298
8,uisagt,13% of U.S. Netflix subs would cancel if charged extra for password sharing,kry_some_more,https://www.fiercevideo.com/video/if-netflix-charges-extra-account-sharing-13-would-drop-service-aluma,1651736897.0,2340,39596
9,uofnb7,"Netflix Tells Employees to “Spend Our Members’ Money Wisely” in New Memo. The directive comes after the streaming giant reported a 200,000 subscriber loss.",08830,https://www.hollywoodreporter.com/business/business-news/netflix-tells-employees-to-spend-our-members-money-wisely-in-new-memo-1235145947/,1652402641.0,2100,15618
10,ubbqzx,The Rise of Netflix Competitors Has Pushed Consumers Back Toward Piracy,iateherbutt,https://www.vice.com/en/article/d3q45v/bittorrent-usage-increases-netflix-streaming-sites,1650857459.0,3193,43888
11,u8ipbn,Billionaire investor Bill Ackman loses around $400 million as he dumps entire Netflix stake after just 3 months,ursiwitch,https://www.businessinsider.com/billionaire-investor-bill-ackman-loses-400m-dumping-netflix-shares-subscribers-2022-4,1650529524.0,2712,36296
12,u9wsbx,Netflix says it will eventually charge more if you share your account,KandiKane459,https://techcrunch.com/2022/04/19/netflix-to-charge-global-members-sharing-their-accounts-an-additional-fee-following-tests/,1650686353.0,2855,15912
13,v0g9fz,The first act of the streaming wars saga is over — Netflix's fall from grace has ushered in the pivotal second act,DSGX,https://www.cnbc.com/2022/05/29/netflix-and-rivals-enter-pivotal-second-act-of-streaming-wars-saga.html,1653846003.0,427,2765
14,tj20x3,Netflix's new password-sharing fee is just the tip of an expensive iceberg,realguiders,https://www.techradar.com/news/netflixs-new-password-sharing-fee-is-just-the-tip-of-an-expensive-iceberg,1647831986.0,7143,46161
15,urzrf0,Netflix is laying off 150 employees and cutting dozens from its Tudum fansite,rbevans,https://www.theverge.com/2022/5/17/23103131/netflix-layoffs-tudum-streaming-subscriber-loss-email,1652831394.0,545,4461
16,u84h4h,Netflix sheds more than $50 billion in market cap as stock plunges on subscriber loss,GoMx808-0,https://www.cnbc.com/2022/04/20/netflix-plunges-trading-subscriber-loss.html?,1650483154.0,1292,12688
17,u80ie4,"Why is Netflix losing so many subscribers and what can it do about it? | Amid fightback activity, streaming service may also need to ask whether actual product needs changing",Hrmbee,https://www.theguardian.com/media/2022/apr/20/why-is-netflix-losing-so-many-subscribers-and-what-can-it-do-about-it,1650472361.0,1833,4307
18,tfrjzs,Netflix will start testing a fee for customers who share their passwords with people outside of their households,WhiskeyGentleman,https://www.businessinsider.com/netflix-will-soon-test-charging-fee-sharing-passwords-outside-households-2022-3,1647460419.0,4767,30363
19,u7oaat,"Netflix rocked by subscriber loss, may offer cheaper ad-supported plans",science_is_Iife,https://www.reuters.com/technology/netflix-subscribers-fall-first-time-decade-forecasts-more-losses-2022-04-19/?utm_medium=Social&utm_source=Twitter,1650429066.0,1548,4722
20,uswwui,Survey shows Netflix is losing more long-term subscribers,Avieshek,https://www.theverge.com/2022/5/18/23125424/netflix-losing-long-term-subscribers-streaming,1652940853.0,342,1504
21,uakdzb,House of cards? Why the world is falling out of love with Netflix | Netflix,AnimePrimeMinister,https://www.theguardian.com/media/2022/apr/23/house-of-cards-why-the-world-is-falling-out-of-love-with-netflix,1650765981.0,1062,4764
22,uci9ib,Netflix to drop 90% of upcoming Indian web series and movies after huge dip in subscriptions,AnimePrimeMinister,https://www.bollywoodlife.com/web-series/netflix-to-drop-90-of-upcoming-indian-web-series-and-movies-after-huge-dip-in-subscriptions-keen-to-take-new-route-exclusive-ott-news-entertainment-news-2058857/,1650995114.0,626,6634
23,u9uwok,The Bottom Is Dropping Out of Netflix,JeevesAI,https://www.pajiba.com/tv_reviews/the-bottom-is-dropping-out-of-netflix.php,1650680037.0,1028,3410
24,u7gdot,Netflix Preps Bigger Password-Sharing Crackdown,tosil,https://www.hollywoodreporter.com/business/digital/netflix-password-sharing-crackdown-coming-1235132170/,1650404706.0,1240,2932
25,u7ogv1,"Netflix Loses Subscribers for the First Time in 10 Years, Blames Account Sharing",Avieshek,https://www.macrumors.com/2022/04/19/netflix-loses-subscribers-q1-2022/,1650429708.0,850,3188
26,us36mw,Netflix lays off 'around 150 employees' across divisions amid slowing growth and subscriber losses,saurin212,https://www.businessinsider.com/netflix-lays-off-150-amid-slowing-growth-subscriber-losses-2022-5,1652842567.0,175,1012
27,utcr5i,Netflix cuts 150 US-based jobs after losing subscribers,realguiders,https://www.bbc.com/news/business-61489041,1652993502.0,142,767
28,u7hhri,"Netflix is exploring lower-priced, ad-supported plans after years of resisting",geoxol,https://www.cnbc.com/2022/04/19/netflix-is-exploring-lower-priced-ad-supported-plans-after-years-of-resisting.html,1650407757.0,527,1547
29,uplt08,Netflix is developing livestreaming features,Cascading_Neurons,https://www.msn.com/en-us/finance/other/netflix-is-developing-livestreaming-features/ar-AAXgZez,1652548514.0,151,619
30,unyxcd,Disney Plus added almost 8 million new subscribers as Netflix struggles,Defiant_Race_7544,https://www.theverge.com/2022/5/11/23067551/disney-plus-q2-2022-earnings-205-million-streaming-subscribers,1652355049.0,166,387
31,u9jsho,"Amid losses, Netflix bets on a bold strategy around video games",skywestairline,https://www.washingtonpost.com/video-games/2022/04/22/netflix-video-games/,1650647951.0,247,804
32,s8wspi,Netflix stock plunges as company misses growth forecast.,FancyPea677,https://www.theverge.com/2022/1/20/22893950/netflix-stock-falls-q4-2021-earnings-2022,1642723677.0,3991,28405
33,u7j6vg,"Netflix rocked by subscriber loss, may offer cheaper ad-supported plans",ImUrFrand,https://www.reuters.com/technology/netflix-subscribers-fall-first-time-decade-forecasts-more-losses-2022-04-19/,1650412795.0,233,639
34,tmhlje,"Yes, Netflix just got even more expensive",Sorin61,https://www.theverge.com/2022/3/24/22993562/netflix-price-increase-us-plans-2022,1648136151.0,667,1924
35,uo8ibr,Why a Password-Sharing Crackdown Won't Help Netflix Much,a_Ninja_b0y,https://variety.com/vip/why-a-password-sharing-crackdown-wont-help-netflix-much-1235264329/,1652382413.0,86,166
36,u7epro,Netflix lost subscribers for the first time in a decade last quarter,Defiant_Race_7544,https://www.theverge.com/2022/4/19/23032399/netflix-lost-subscribers-q1-2022-earnings,1650400196.0,174,807
37,s41pxy,Netflix Raises Prices on All Plans in US+Canada,DarkWasp14,https://www.theverge.com/2022/1/14/22884263/netflix-price-increases-2021-us-canada-all-plans-hd-4k,1642191941.0,4425,20220
38,t3oada,Netflix Declines to Carry Russian Propaganda Channels,ICumCoffee,https://variety.com/2022/tv/global/netflix-russian-propaganda-channels-1235192082/,1646078138.0,509,25134
39,uv9sfk,Premium streaming subscriptions continue to increase despite Netflix’s downfall,Cascading_Neurons,https://techcrunch.com/2022/05/21/premium-streaming-subscriptions-continue-to-increase-despite-netflix-tribulations/,1653221775.0,58,70
40,u7g56y,Netflix shares drop 26% after it loses 200K subscribers,Hatewars,https://apnews.com/article/technology-business-50face93d2d2a876fa5485500e3d360a,1650404064.0,150,644
41,uktgod,Netflix plans to have 50 games to offer by end of 2022,kry_some_more,https://nichegamer.com/netflix-planning-to-have-50-games-by-end-of-2022/,1651981702.0,129,62
42,srihtv,Netflix Is About to Cost You More Money,VedantGogia,https://gizmodo.com/netflix-is-about-to-cost-you-more-money-1848363589,1644758463.0,1306,3269
43,u9oy53,Netflix has a hidden forget button,realguiders,https://www.theverge.com/2022/4/22/23037360/netflix-forget-button-streaming,1650662115.0,92,387
44,tbo6xf,Netflix CFO Lays Out Path to 500 Million Subscribers,DreGu90,https://www.nasdaq.com/articles/netflix-cfo-lays-out-path-to-500-million-subscribers?,1646998368.0,420,2074
45,sh2jho,Viewer data suggests many Netflix hits go from sizzle to fizzle quickly,RedCarpetEvent,https://variety.com/vip/viewer-data-suggests-many-netflix-hits-go-from-sizzle-to-fizzle-quickly-1235165681/,1643639433.0,1084,5274
46,tax2px,Netflix Increases Subscription Prices In UK & Ireland,RedCarpetEvent,https://deadline.com/2022/03/netflix-increases-subscription-prices-in-uk-ireland-effective-imediately-1234975119/,1646913357.0,306,1695
47,uqwhfu,When will Democrats deliver on their promise to restore net neutrality? - Unregulated telecom companies pose an enormous threat to the future of free expression and human rights. And time for reform is running out.,speckz,https://www.fastcompany.com/90752261/when-will-democrats-restore-net-neutrality,1652709162.0,3007,55804
48,u7o9ca,Netflix's CEO says he's open to creating a lower-priced tier with ads as the company bleeds subscribers,RedditUsr2,https://www.msn.com/en-us/money/other/netflixs-ceo-says-hes-open-to-creating-a-lower-priced-tier-with-ads-as-the-company-bleeds-subscribers/ar-AAWoocA,1650428981.0,121,91
49,tgihyc,Why Netflix is starting to crack down on password sharing,BroderzYt,https://www.theverge.com/22983315/netflix-password-account-sharing-test-streaming,1647546306.0,220,210
50,uor2ym,Netflix Tweaks Culture Memo: We Don't 'Censor Specific Artists or Voices',saurin212,https://www.nexttv.com/news/netflix-tweaks-culture-memo-we-dont-censor-specific-artists-or-voices,1652446443.0,16,22
51,ubqypf,Netflix stock suffering 4th-straight loss toward 4-year low; co-Founder Hastings total comp falls to about $41 million,Gamma_Supernova,https://www.marketwatch.com/story/netflix-stock-suffering-4th-straight-loss-toward-4-year-low-co-founder-hastings-total-comp-falls-to-about-41-million-2022-04-25,1650908890.0,18,80
52,v3w7nw,Netflix Changing Movie Strategy After Huge Losses,redhatGizmo,https://wegotthiscovered.com/news/netflix-is-changing-its-movie-strategy-after-huge-losses/,1654251332.0,9,0
53,u1d43q,Netflix is rolling out a Two Thumbs Up button,rbevans,https://www.theverge.com/2022/4/11/23017274/netflix-double-thumbs-up-button-recommendation-curation,1649698407.0,56,37
54,ubsun7,Netflix and Meta stocks have seen their gains from the last 5 years nearly wiped out as they struggle with lofty growth forecasts — and Fed tightening is adding to the pain,GoMx808-0,https://markets.businessinsider.com/news/stocks/netflix-meta-stocks-price-gains-selloff-outlook-subscribers-tech-nasdaq-2022-4,1650913901.0,8,74
55,t4zw42,Netflix acquires another developer to build ‘world class games’,Franco1875,https://www.theverge.com/2022/3/2/22957953/netflix-next-games-acquisition-stranger-things-mobile-puzzle-rpg,1646226883.0,59,350
56,uff8h1,"UK government wants to regulate Apple TV+, Netflix, and other streaming services",Sorin61,https://9to5mac.com/2022/04/30/uk-government-wants-to-regulate-apple-tv-netflix-and-other-streaming-services/,1651338020.0,5,41
57,uop248,Netflix Tells Employees to “Spend Our Members’ Money Wisely” in New Memo,a_Ninja_b0y,https://www.hollywoodreporter.com/business/business-news/netflix-tells-employees-to-spend-our-members-money-wisely-in-new-memo-1235145947,1652439323.0,11,2
58,u82klp,Netflix shares plunge 37 percent after announcing subscriber losses.,AnimePrimeMinister,https://www.nytimes.com/2022/04/20/business/netflix-stock-price.html,1650477918.0,6,56
59,u82ouw,Netflix Subscriber Loss Suggests Streaming Obstacles Ahead,AnimePrimeMinister,https://variety.com/2022/tv/news/netflix-subscriber-loss-streaming-problems-1235236936/,1650478252.0,8,8
60,u7w0jg,Netflix Estimates More Than 100 Million Non-Paying Households Use Shared Passwords,speckz,https://variety.com/2022/digital/news/netflix-sharing-password-100-million-1235236051/,1650459764.0,14,0
61,udk9ez,Netflix & big streaming companies to fall under UK regulatory system for first time,AnimePrimeMinister,https://deadline.com/2022/04/broadcasting-paper-netflix-regulation-first-time-1235010955/,1651112175.0,1,58
62,u8grk5,"No, you did not see the Netflix mess coming",AnimePrimeMinister,https://www.ft.com/content/afbf67d1-7349-4fd3-9161-af89b632ba70?curator=biztoc.com,1650521105.0,10,0
63,uicuru,Netflix Sued by Shareholders Alleging Securities Fraud After Subscriber Miss,a_Ninja_b0y,https://variety.com/2022/digital/news/netflix-lawsuit-shareholders-subscriber-miss-1235258330/,1651688053.0,4,0
64,u3mk72,Slumps to continue at Netflix and Facebook owner Meta,today_and_tomorrow,https://www.irishexaminer.com/business/companies/arid-40851758.html,1649956854.0,5,6
65,ui4pn3,Every ISP in the US has been ordered to block three pirate streaming services,Sariel007,https://arstechnica.com/tech-policy/2022/05/judge-rules-every-isp-in-us-must-block-pirate-sites-run-by-mysterious-defendants/,1651664889.0,320,1454
66,ue4kjs,Netflix and India's Ministry of Information & Broadcasting team up to develop India's creative ecosystem,VapidCanary,https://www.deccanherald.com/national/ib-ministry-and-netflix-team-up-to-develop-indias-creative-ecosystem-1104082.html,1651178169.0,4,0
67,qy8ri0,"Locked Out of ‘God Mode,’ Runners Are Hacking Their Treadmills - NordicTrack customers were watching Netflix using a simple trick—until the company blocked their access.",speckz,https://www.wired.co.uk/article/nordictrack-ifit-treadmill-privilege-mode,1637424745.0,194,1067
68,ub5zm7,"Sony is looking into ad-supported games now, too",ajenn22,https://www.yahoo.com/news/sony-free-to-play-playstation-in-game-ads-204104526.html,1650839042.0,366,661
69,s7mibp,Microsoft Deal Wipes $20 Billion Off Sony's Market Value in a Day,dontloseyourway1610,https://finance.yahoo.com/news/sony-drops-9-6-wake-001506944.html,1642585336.0,5627,43029
70,uu8rst,Tech Talk Friday! ,werksquan,https://www.reddit.com/r/technology/comments/uu8rst/tech_talk_friday/,1653083821.0,85,80
71,rw5199,"Popcorn Time, the Piracy App That Spooked Netflix, Shuts Down",asteriskspace,https://www.bloomberg.com/news/articles/2022-01-04/popcorn-time-alternative-is-hard-to-find-as-app-shuts-down,1641331164.0,29,52
72,tfs9w2,About Netflix - Paying to Share Netflix Outside Your Household,Ring_Lo_Finger,https://about.netflix.com/en/news/paying-to-share-netflix-outside-your-household,1647462351.0,7,0
73,rvi6nc,Russia requires Netflix and other streaming services to include local state TV channels,chrisdh79,https://9to5mac.com/2022/01/03/russia-requires-netflix-and-other-streaming-services-to-include-local-state-tv-channels/,1641260643.0,26,52
74,ttl8lb,"Study: Consumers Say Too Many Subscriptions, Aggregation of Streaming Services Will Improve Experience",Philo1927,https://thestreamable.com/news/study-consumers-say-theres-too-many-subscriptions-aggregation-of-streaming-services-will-improve-experience,1648799172.0,280,1262
75,r6qi2t,"Locked Out of ‘God Mode,’ Runners Are Hacking Their Treadmills -- NordicTrack customers were watching Netflix using a simple trick—until the company blocked their access.",TheGhostOfTzvika,https://www.wired.com/story/nordictrack-ifit-treadmill-privilege-mode/,1638396166.0,47,161
76,qwfigk,Why Netflix never goes down,chrisarchitect,https://www.theverge.com/22787426/netflix-cdn-open-connect,1637202817.0,68,153
77,unpckd,"Yes, Disney Is Thinking About Making ESPN a Stand-Alone Streaming Service",CrazyK9,https://www.yahoo.com/entertainment/yes-disney-thinking-making-espn-231026957.html,1652318991.0,57,109
78,uo1hvx,Astronomers reveal first image of the black hole at the heart of our galaxy,geoxol,https://eventhorizontelescope.org/blog/astronomers-reveal-first-image-black-hole-heart-our-galaxy,1652363233.0,37,216
79,ujx6xl,Weekly Tech Wrap!,werksquan,https://www.reddit.com/r/technology/comments/ujx6xl/weekly_tech_wrap/,1651870786.0,99,69
80,n4jeuz,Ex Netflix IT ops boss pocketed $500k+ in bribes before awarding millions in tech contracts,Loki-L,https://www.theregister.com/2021/05/03/netflix_bribery_conviction/,1620117451.0,583,12350
81,psfkxv,Netflix will soon be free for some Android users — but only if you live in Kenya,Accomplished-Tap3353,https://www.dailystar.co.uk/tech/netflix-soon-free-android-users-25033401,1632218056.0,97,827
82,si7oek,YouTube Earnings: Video Platform Has More Revenue Than Netflix in Q4,NotDMsForLife,https://www.hollywoodreporter.com/business/digital/youtube-ad-revenue-tops-8-6b-beating-netflix-in-the-quarter-1235085391/,1643754704.0,5,24
83,rgo1md,Ex-Netflix executive gets prison for accepting tech bribes,Defiant_Race_7544,https://www.ctvnews.ca/sci-tech/ex-netflix-executive-gets-prison-for-accepting-tech-bribes-1.5707814,1639535121.0,16,91
84,up9k48,Disney Announces 100 New Shows For Streaming In India After An Upsurge Of Subscribers,Key-Antelope9439,https://www.koimoi.com/television/disney-announces-100-new-shows-for-streaming-in-india-after-an-upsurge-of-subscribers/,1652502952.0,21,141
85,rq2wn8,"‘Widevine Dump”: Leaked Code Downloads HD Video from Disney+, Amazon, and Netflix",ourlifeintoronto,https://torrentfreak.com/widevine-dump-leaked-code-downloads-hd-video-from-disney-amazon-and-netflix-211227/,1640654681.0,11,40
86,p303ss,Netflix Intensifies ‘VPN Ban’ and Targets Residential IP-addresses Too,speckz,https://torrentfreak.com/netflix-intensifies-vpn-ban-and-targets-residential-ip-addresses-too-210811/,1628775797.0,163,513
87,t4d012,Inflation Is Coming for Your Digital Subscriptions,bllshrfv,https://www.wsj.com/articles/netflix-amazon-rising-subscription-costs-how-to-cope-11645803843,1646155051.0,236,912
88,uwjlep,Snapchat Broke Illinois Law by Violating Biometric Privacy of Users: Suit Alleges,Cascading_Neurons,https://www.nbcchicago.com/news/local/snapchat-broke-illinois-law-by-violating-biometric-privacy-of-users-suit-alleges/2840246/,1653370303.0,4,97
89,pzoohk,South Korea broadband firm sues Netflix following traffic surge from 'Squid Game',Hughjarse,https://www.abc.net.au/news/2021-10-02/south-korea-broadband-firm-sues-netflix-squid-game-traffic-surge/100509572,1633150468.0,37,180
90,mexgis,Netflix and Amazon gave daring Indian filmmakers hope. Now that's turning to fear,cambeiu,https://edition.cnn.com/2021/03/27/media/netflix-amazon-india-censors-intl-hnk/index.html,1616920121.0,386,4363
91,pggwbo,"Apple concedes to let apps like Netflix, Spotify, and Kindle link to the web to sign up",a_Ninja_b0y,https://www.theverge.com/2021/9/1/22653264/apple-reader-app-exception-anti-steering-signup-page,1630585757.0,44,369
92,nkx6vq,Researchers build 700TB optical disc that can probably store all of Netflix,Kgvdj860m,https://www.techtelegraph.co.uk/researchers-build-700tb-optical-disc-that-can-probably-store-all-of-netflix,1621968923.0,196,1122
93,mv7gmd,Netflix: Shares plunge as subscribers switch off,electrictoothbrush09,https://www.bbc.co.uk/news/business-56826190,1618976318.0,365,755
94,pz6wxt,S.Korea broadband firm sues Netflix after traffic surge from 'Squid Game',jaramini,https://www.reuters.com/business/media-telecom/skorea-broadband-firm-sues-netflix-after-traffic-surge-squid-game-2021-10-01/,1633091170.0,24,112
95,tmc3va,"Cord Cutting Hits Epic Levels (Goodbye Cable, Hello Streaming)",speckz,https://www.newsobserver.com/news/business/article259711020.html,1648130665.0,86,90
96,n63b2r,Internal emails reveal how badly Apple wanted to keep Netflix using in-app purchases,Sorin61,https://www.theverge.com/2021/5/5/22421734/apple-epic-netflix-in-app-purchase-removal-emails,1620293133.0,243,657
97,omswr6,Netflix to court older viewers as flow of young fans slows down,altmorty,https://www.theguardian.com/media/2021/jul/18/netflix-to-court-older-viewers-as-flow-of-young-fans-slows-down,1626622828.0,111,108
98,pzdakj,Korean ISP is Suing Netflix Because Their Own Customers Are Streaming too Much,kry_some_more,https://gizmodo.com/south-korean-isp-is-suing-netflix-because-too-many-peop-1847780899,1633110725.0,22,50
99,ucni41,Google parent Alphabet’s Q1 profits dropped by more than $1 billion compared to 2021,UnknownDeveloper,https://www.theverge.com/2022/4/26/23043402/google-alphabet-youtube-q1-2022-earnings,1651009254.0,10,60
100,3uz5zw,Hackers are selling lifetime access to stolen Netflix accounts for less than $1 (NFLX),PanAfrica,https://trove.com/a/Hackers-are-selling-lifetime-access-to-stolen-Netflix-accounts-for-less-than-%241-NFLX.sIVv1?utm_campaign=hosted&utm_medium=twitter&ts=1448903909&utm_source=sns&nocrawl=1,1448959069.0,1,0
101,7d29a,Netflix Hires Exec To Head Up Streaming Gadget Deals (NFLX),frycook,http://www.alleyinsider.com/2008/11/netflix-hires-exec-to-head-up-streaming-gadget-deals-nflx-,1226553454.0,0,2
102,8zkbjw,Netflix's Garbage Programming Blamed for Stock Falling Off a Cliff,Abscess2,https://gizmodo.com/netflixs-garbage-programming-blamed-for-stock-falling-o-1827639926,1531826918.0,14,9
103,u7e8x7,Netflix (NFLX) reported an unexpected decline in first-quarter net subscribers,michael_curdt,https://www.reddit.com/r/stocks/comments/u7e8x7/netflix_nflx_reported_an_unexpected_decline_in/,1650398955.0,1180,4101
104,urt3e2,Netflix lays off 150 employees as the streaming service contends with big subscriber losses,Brothanogood,https://www.reddit.com/r/stocks/comments/urt3e2/netflix_lays_off_150_employees_as_the_streaming/,1652812547.0,274,1094
105,uz8rw4,Netflix could generate $10 monthly from ad-supported U.S. subs and $3 monthly worldwide. $3.6B new subs + $3.1B existing subs.,big--if-true,https://www.reddit.com/r/stocks/comments/uz8rw4/netflix_could_generate_10_monthly_from/,1653688326.0,203,142
106,umkbca,Netflix is down ~20% since it was reported that Bill Ackman sold his position on April 21,likwitsnake,https://www.reddit.com/r/stocks/comments/umkbca/netflix_is_down_20_since_it_was_reported_that/,1652193787.0,136,947
107,ui28rf,"Friend with Netflix is down more than 40%, I don't see Netflix recovering soon, my friend wants to sell, what's your best strategies?",Migueli2021,https://www.reddit.com/r/stocks/comments/ui28rf/friend_with_netflix_is_down_more_than_40_i_dont/,1651654547.0,297,365
108,uw5jb1,Report: Ads Could Boost Netflix Revenue 21%,big--if-true,https://www.reddit.com/r/stocks/comments/uw5jb1/report_ads_could_boost_netflix_revenue_21/,1653326978.0,71,25
109,u7xqd8,Netflix just plummed almost 40% (38%) for disastrous guidance and subscriber declines,Migueli2021,https://www.reddit.com/r/stocks/comments/u7xqd8/netflix_just_plummed_almost_40_38_for_disastrous/,1650464724.0,167,215
110,u7x44b,Netflix Has Plans To Add Commercials For Some Subscribers,WickedSensitiveCrew,https://www.reddit.com/r/stocks/comments/u7x44b/netflix_has_plans_to_add_commercials_for_some/,1650463015.0,135,110
111,u7w4ha,Be careful who you trust. (Netflix),GypsyPhoto,https://www.reddit.com/r/stocks/comments/u7w4ha/be_careful_who_you_trust_netflix/,1650460088.0,155,92
112,u8qa28,"Netflix, buy or falling knife?",NinjaTurtle2077,https://www.reddit.com/r/stocks/comments/u8qa28/netflix_buy_or_falling_knife/,1650555152.0,142,27
113,u7f9dc,How are these 4:01pm AH massive pump/dumps done or even legal? ie Netflix,Bostonnicke,https://www.reddit.com/r/stocks/comments/u7f9dc/how_are_these_401pm_ah_massive_pumpdumps_done_or/,1650401661.0,133,28
114,u7zjnp,What other stock will drop like Netflix back to it's proper valuation?,DrixlRey,https://www.reddit.com/r/stocks/comments/u7zjnp/what_other_stock_will_drop_like_netflix_back_to/,1650469754.0,107,28
115,umw2qp,Netflix Tells Employees Ads May Come by the End of 2022,big--if-true,https://www.reddit.com/r/stocks/comments/umw2qp/netflix_tells_employees_ads_may_come_by_the_end/,1652225969.0,45,12
116,u7a3t0,Thoughts on Netflix ($NFLX) Earnings today after hours?,ramjaz,https://www.reddit.com/r/stocks/comments/u7a3t0/thoughts_on_netflix_nflx_earnings_today_after/,1650388138.0,64,55
117,sdmrmw,Billionaire investor Bill Ackman reveals a $1.1 billion Netflix stake — and says his hedge fund bought about 3.1 million shares since Friday,ankermouse11,https://www.reddit.com/r/stocks/comments/sdmrmw/billionaire_investor_bill_ackman_reveals_a_11/,1643248669.0,393,1973
118,urgx66,Netflix open at 242.13... How deep in trouble am I?,Vittorro47,https://www.reddit.com/r/stocks/comments/urgx66/netflix_open_at_24213_how_deep_in_trouble_am_i/,1652772049.0,27,0
119,u8c6hk,I'm an idiot and thinking about buying Netflix.,ssr1089,https://www.reddit.com/r/stocks/comments/u8c6hk/im_an_idiot_and_thinking_about_buying_netflix/,1650505367.0,62,8
120,u8pcsq,"That has got to hurt, Netflix!",Eff9to5,https://www.reddit.com/r/stocks/comments/u8pcsq/that_has_got_to_hurt_netflix/,1650552614.0,40,7
121,un3g2y,Here’s the case for buying Netflix’s stock now,Johnblr,https://www.reddit.com/r/stocks/comments/un3g2y/heres_the_case_for_buying_netflixs_stock_now/,1652251044.0,21,0
122,umm7gd,Which companies are you happy to see taking a dive?,gravcycrunnow,https://www.reddit.com/r/stocks/comments/umm7gd/which_companies_are_you_happy_to_see_taking_a_dive/,1652198870.0,1549,1771
123,u935vw,netflix getting commercials,dixie2tone,https://www.reddit.com/r/stocks/comments/u935vw/netflix_getting_commercials/,1650591808.0,55,0
124,uaf38u,Thinking of how Netflix can save itself,buttwars,https://www.reddit.com/r/stocks/comments/uaf38u/thinking_of_how_netflix_can_save_itself/,1650748707.0,57,0
125,u7j7zu,Roku trading lower in sympathy with Netflix,movack,https://www.reddit.com/r/stocks/comments/u7j7zu/roku_trading_lower_in_sympathy_with_netflix/,1650412861.0,24,10
126,s8t1or,Netflix shares fall 11% on slowing subscriber growth,juaggo_,https://www.reddit.com/r/stocks/comments/s8t1or/netflix_shares_fall_11_on_slowing_subscriber/,1642713040.0,281,338
127,ubdo59,Is all this fud about Netflix actually creating an extremely good buying opportunity?,Cautious-Bet-9707,https://www.reddit.com/r/stocks/comments/ubdo59/is_all_this_fud_about_netflix_actually_creating/,1650864519.0,32,0
128,u7ouu4,Question regarding netflix earnings.,AIONisMINE,https://www.reddit.com/r/stocks/comments/u7ouu4/question_regarding_netflix_earnings/,1650431141.0,13,4
129,u8e9by,"First Facebook, now Netflix collapses",hearsdemons,https://www.reddit.com/r/stocks/comments/u8e9by/first_facebook_now_netflix_collapses/,1650511969.0,30,0
130,um4q0l,What's the most 'shocking' stock decline you've seen over the last 6 months?,rockinoutwith2,https://www.reddit.com/r/stocks/comments/um4q0l/whats_the_most_shocking_stock_decline_youve_seen/,1652139785.0,913,868
131,u8un36,Retail buying the dip: Searches for 'Buy Netflix Stock' Explode 931% Following Share Price Plummet For Streaming Giant,big--if-true,https://www.reddit.com/r/stocks/comments/u8un36/retail_buying_the_dip_searches_for_buy_netflix/,1650566998.0,24,0
132,u7w8nr,Anyone else think -29% on NFLX is a bit overdone?!?,Aegabberty,https://www.reddit.com/r/stocks/comments/u7w8nr/anyone_else_think_29_on_nflx_is_a_bit_overdone/,1650460429.0,1500,3174
133,u91fwk,Horace Dediu: Netflix is a real blockbuster,esp211,https://www.reddit.com/r/stocks/comments/u91fwk/horace_dediu_netflix_is_a_real_blockbuster/,1650586441.0,6,8
134,u8cgi1,Dumbed down analysis of Netflix,Ok_Midnight2894,https://www.reddit.com/r/stocks/comments/u8cgi1/dumbed_down_analysis_of_netflix/,1650506236.0,11,4
135,un7nlf,Will TSLA be the next NFLX,Ok-Nefariousness9911,https://www.reddit.com/r/stocks/comments/un7nlf/will_tsla_be_the_next_nflx/,1652268483.0,473,343
136,qa7fd1,Netflix's 'Squid Game' Will Generate About $900 Million,gorays21,https://www.reddit.com/r/stocks/comments/qa7fd1/netflixs_squid_game_will_generate_about_900/,1634503877.0,445,3948
137,opbdt0,"Netflix bleeds subscribers in US and Canada, with no sign of recovery",BHD01,https://www.reddit.com/r/stocks/comments/opbdt0/netflix_bleeds_subscribers_in_us_and_canada_with/,1626950900.0,1801,7769
138,u7kw9i,NETFLIX Missed guidance.,AlexJiang27,https://www.reddit.com/r/stocks/comments/u7kw9i/netflix_missed_guidance/,1650418017.0,4,1
139,unmytq,How are we not considered to be in a crash yet ?,kumeomap,https://www.reddit.com/r/stocks/comments/unmytq/how_are_we_not_considered_to_be_in_a_crash_yet/,1652311565.0,734,1198
140,s95fof,if Netflix is crashing 18% on only slowing new subscription,MAARJA007,https://www.reddit.com/r/stocks/comments/s95fof/if_netflix_is_crashing_18_on_only_slowing_new/,1642750949.0,83,33
141,u8x2dz,What great company do you think is the most undervalued at the moment?,PizzaGuy94122,https://www.reddit.com/r/stocks/comments/u8x2dz/what_great_company_do_you_think_is_the_most/,1650573698.0,760,263
142,v0ajgv,Is it better to invest in the cheap/undervalued stock in a sector or one of the leaders that may be a bit more overvalued/expensive?,AbuSaho,https://www.reddit.com/r/stocks/comments/v0ajgv/is_it_better_to_invest_in_the_cheapundervalued/,1653828677.0,77,83
143,uxiabr,"AMZN shareholders meeting, what news do you most want to hear? AMZN stock has fallen 35% this year.",Sunsmiling,https://www.reddit.com/r/stocks/comments/uxiabr/amzn_shareholders_meeting_what_news_do_you_most/,1653487947.0,133,947
144,u9se6t,Next week will be insanse!,gorays21,https://www.reddit.com/r/stocks/comments/u9se6t/next_week_will_be_insanse/,1650672053.0,304,464
145,oowckh,Unpopular opinion: Remove Netflix from FAANG. It doesn't even compare to the other names in that acronym.,Kursk-1943,https://www.reddit.com/r/stocks/comments/oowckh/unpopular_opinion_remove_netflix_from_faang_it/,1626893468.0,675,4113
146,pjlah0,Disney is to Netflix as X is to Tesla?,senttoschool,https://www.reddit.com/r/stocks/comments/pjlah0/disney_is_to_netflix_as_x_is_to_tesla/,1631014461.0,601,307
147,ujxfhb,What is the common factor of all the S&P 500 stocks that are crashing? AMZN PYPL NFLX etc,hyperinflationUSA,https://www.reddit.com/r/stocks/comments/ujxfhb/what_is_the_common_factor_of_all_the_sp_500/,1651871427.0,134,100
148,u89ewn,Bill Ackman's Pershing Square has exited the entirety of its 3.1m share stake in NFLX today,brandnewredditacct,https://www.reddit.com/r/stocks/comments/u89ewn/bill_ackmans_pershing_square_has_exited_the/,1650496922.0,141,579
149,uavfl8,"Google, Meta, and others will have to explain their algorithms under new EU legislation",ubunturd,https://www.reddit.com/r/stocks/comments/uavfl8/google_meta_and_others_will_have_to_explain_their/,1650808968.0,347,1837
150,uhqh7u,Which companies could you see being acquired by Big Tech in the near future?,jesperbj,https://www.reddit.com/r/stocks/comments/uhqh7u/which_companies_could_you_see_being_acquired_by/,1651613271.0,184,62
151,u8fb6r,Tech Stocks Are Absurdly Cheap Now: putting my money where my mouth is,FastAssSister,https://www.reddit.com/r/stocks/comments/u8fb6r/tech_stocks_are_absurdly_cheap_now_putting_my/,1650515580.0,574,919
152,uwi3vs,"Klarna to lay off 10% of its workforce as souring economy hits buy now, pay later companies",WickedSensitiveCrew,https://www.reddit.com/r/stocks/comments/uwi3vs/klarna_to_lay_off_10_of_its_workforce_as_souring/,1653364571.0,111,237
153,v1qstl,"Elon Musk's 2021 Pay Package Dwarfed Fortune 500 CEO Salaries, But There's A Larger Problem",Kianna_hd,https://www.reddit.com/r/stocks/comments/v1qstl/elon_musks_2021_pay_package_dwarfed_fortune_500/,1654005217.0,106,75
154,uo6qsq,Apple Enters a Bear Market Today,JRshoe1997,https://www.reddit.com/r/stocks/comments/uo6qsq/apple_enters_a_bear_market_today/,1652377630.0,184,348
155,uhsxrl,Disney Discussion,Syfix,https://www.reddit.com/r/stocks/comments/uhsxrl/disney_discussion/,1651620189.0,135,70
156,unirmw,"Disney Non-GAAP EPS of $1.08 misses by $0.11, revenue of $19.24B misses by $800M",Take_Notice_Walk,https://www.reddit.com/r/stocks/comments/unirmw/disney_nongaap_eps_of_108_misses_by_011_revenue/,1652299872.0,71,91
157,u84ca2,So many cheap stocks just getting crashed,Terminator731,https://www.reddit.com/r/stocks/comments/u84ca2/so_many_cheap_stocks_just_getting_crashed/,1650482776.0,177,144
158,u7ctm9,Puts on NFLX ?,PleasantAnomaly,https://www.reddit.com/r/stocks/comments/u7ctm9/puts_on_nflx/,1650395163.0,118,240
159,v0zuvq,"7 tech stocks that are most worthy of ""cheap"": Micron's forward price-earnings ratio is only 5.8 times",Celinasoso,https://www.reddit.com/r/stocks/comments/v0zuvq/7_tech_stocks_that_are_most_worthy_of_cheap/,1653916128.0,74,71
160,u7hbm1,NFLX - still too expensive at $260?,teenhamodic,https://www.reddit.com/r/stocks/comments/u7hbm1/nflx_still_too_expensive_at_260/,1650407278.0,173,104
161,qblmvr,"Netflix Posts Higher 3Q Profit, Sales on Rise of New Subscribers",Kwikstep,https://www.reddit.com/r/stocks/comments/qblmvr/netflix_posts_higher_3q_profit_sales_on_rise_of/,1634679461.0,64,266
162,pd70od,YouTube more valuable than Netflix?? But is the stock price of GOOG valuing it?,Test-Ing2K,https://www.reddit.com/r/stocks/comments/pd70od/youtube_more_valuable_than_netflix_but_is_the/,1630144471.0,217,418
163,uase0e,AMZN earnings… Up/Down/Left or Right?,TraditionalShame97,https://www.reddit.com/r/stocks/comments/uase0e/amzn_earnings_updownleft_or_right/,1650798270.0,152,40
164,op1tc1,Netflix venturing into gaming makes absolutely no sense and will be a waste of time and money.,brandnewredditacct,https://www.reddit.com/r/stocks/comments/op1tc1/netflix_venturing_into_gaming_makes_absolutely_no/,1626910336.0,257,902
165,s8s0wz,Netflix Selloff Before Earnings?,cosmic_vagabonde,https://www.reddit.com/r/stocks/comments/s8s0wz/netflix_selloff_before_earnings/,1642710269.0,16,3
166,u7b81x,"Large Cap Stocks like $DIS are lower than pre-pandemic levels, good buy?",DrixlRey,https://www.reddit.com/r/stocks/comments/u7b81x/large_cap_stocks_like_dis_are_lower_than/,1650391033.0,128,61
167,ubng5k,"Opinions About Roku, down 80%, Why Is It Dipping and Is it a Buy?",Mcdolnalds,https://www.reddit.com/r/stocks/comments/ubng5k/opinions_about_roku_down_80_why_is_it_dipping_and/,1650899710.0,107,37
168,u7xbpd,Why is PayPal share price crashing right now?,springy,https://www.reddit.com/r/stocks/comments/u7xbpd/why_is_paypal_share_price_crashing_right_now/,1650463586.0,105,54
169,uaz719,"The Stock Market Mantra (re NFLX): “Grow forever, or you suck”!",peachezandsteam,https://www.reddit.com/r/stocks/comments/uaz719/the_stock_market_mantra_re_nflx_grow_forever_or/,1650819844.0,80,59
170,uerugb,What’s the bear case for DIS (Disney)?,GoHuskies1984,https://www.reddit.com/r/stocks/comments/uerugb/whats_the_bear_case_for_dis_disney/,1651255646.0,92,17
171,svhe3l,Stocks that are now cheaper than before Covid,4Ublue,https://www.reddit.com/r/stocks/comments/svhe3l/stocks_that_are_now_cheaper_than_before_covid/,1645189215.0,485,1090
172,mv2e02,Netflix shares fall 11% after reporting a large miss in subscriber numbers,ShubhamG77,https://www.reddit.com/r/stocks/comments/mv2e02/netflix_shares_fall_11_after_reporting_a_large/,1618958475.0,668,2065
173,uw0e94,Denmark hits streaming services with levy to support local TV,Kianna_hd,https://www.reddit.com/r/stocks/comments/uw0e94/denmark_hits_streaming_services_with_levy_to/,1653313036.0,53,45
174,t5supt,"On this day 13 years ago, Barack Obama almost perfectly calls the bottom of the stock market before the longest bull market in US history.",Beetlejuice_hero,https://www.reddit.com/r/stocks/comments/t5supt/on_this_day_13_years_ago_barack_obama_almost/,1646317904.0,638,5187
175,u7kpao,Everyone’s going on about NFLX after-hours when $DIS caught a bit of that heat… earnings predictions for $DIS?,WarmSeries4,https://www.reddit.com/r/stocks/comments/u7kpao/everyones_going_on_about_nflx_afterhours_when_dis/,1650417413.0,76,51
176,u7wxf6,"Disney - buy, hold or sell",elvenoutrider,https://www.reddit.com/r/stocks/comments/u7wxf6/disney_buy_hold_or_sell/,1650462470.0,108,23
177,soo1kn,Disney earnings are out – here are the numbers. They killed it! Huge beat,Crazyleggggs,https://www.reddit.com/r/stocks/comments/soo1kn/disney_earnings_are_out_here_are_the_numbers_they/,1644440985.0,369,2302
178,o00pa3,Does Netflix feel like a ticking time bomb to anyone else?,ShawnOttery,https://www.reddit.com/r/stocks/comments/o00pa3/does_netflix_feel_like_a_ticking_time_bomb_to/,1623715277.0,313,376
179,uyo9c8,"Technology stocks rose, Tesla rose more than 7%, Musk was accused of manipulating the market before buying Twitter",Kianna_hd,https://www.reddit.com/r/stocks/comments/uyo9c8/technology_stocks_rose_tesla_rose_more_than_7/,1653619614.0,36,27
180,t9u81x,"From $3700 to $2700, Amazon took 4 months. When do you think the buying opportunity is?",Sunsmiling,https://www.reddit.com/r/stocks/comments/t9u81x/from_3700_to_2700_amazon_took_4_months_when_do/,1646782970.0,192,377
181,u7yu86,"NFLX plummeted 35%, and its teammates, who were as stupid as pigs, dragged down FB, DIS, ROKU, and AMZN by themselves.",Sunsmiling,https://www.reddit.com/r/stocks/comments/u7yu86/nflx_plummeted_35_and_its_teammates_who_were_as/,1650467804.0,78,17
182,v25nmd,Majority of tech stocks fall as Apple's annual developer conference hits next week. Will there be major changes?,Kianna_hd,https://www.reddit.com/r/stocks/comments/v25nmd/majority_of_tech_stocks_fall_as_apples_annual/,1654047660.0,18,26
183,ooa30q,Netflix misses subscriber growth and earnings expectations,coolcomfort123,https://www.reddit.com/r/stocks/comments/ooa30q/netflix_misses_subscriber_growth_and_earnings/,1626811986.0,180,208
184,urowhk,NFLX ready to turn?,merlinsbeers,https://www.reddit.com/r/stocks/comments/urowhk/nflx_ready_to_turn/,1652801108.0,56,0
185,u835fi,"If ""be greedy when others are fearful"" is a valid philosophy, which beaten down stocks look good?",Mdizzle29,https://www.reddit.com/r/stocks/comments/u835fi/if_be_greedy_when_others_are_fearful_is_a_valid/,1650479538.0,79,23
186,uoz8os,Warner Bros. Discovery: A bargain?,Destructo11,https://www.reddit.com/r/stocks/comments/uoz8os/warner_bros_discovery_a_bargain/,1652469765.0,42,83
187,ul3wo8,Repost: Bear facts,SeaweedSignificant84,https://www.reddit.com/r/stocks/comments/ul3wo8/repost_bear_facts/,1652023044.0,73,46
188,udh79x,David Zaslav Buys $1M in Warner Bros. Discovery Shares,Munger87,https://www.reddit.com/r/stocks/comments/udh79x/david_zaslav_buys_1m_in_warner_bros_discovery/,1651102813.0,22,38
189,ivrimz,"Netflix cancellations surge 'materially' in the wake of 'Cuties' controversy, data shows",coolcomfort123,https://www.reddit.com/r/stocks/comments/ivrimz/netflix_cancellations_surge_materially_in_the/,1600517854.0,1682,10167
190,pjvmpl,Netflix talk,onemanstrong,https://www.reddit.com/r/stocks/comments/pjvmpl/netflix_talk/,1631047705.0,52,60
191,mw55l4,"Disney signs deal to stream 'Spider-Man,' other Sony films after Netflix",coolcomfort123,https://www.reddit.com/r/stocks/comments/mw55l4/disney_signs_deal_to_stream_spiderman_other_sony/,1619099359.0,174,1622
192,sqvm4k,Anyone else think the dip on semiconductors will be a once in a decade opportunity to build wealth?,r2002,https://www.reddit.com/r/stocks/comments/sqvm4k/anyone_else_think_the_dip_on_semiconductors_will/,1644684312.0,636,1769
193,p6wbgf,Netflix and Viacom: The perfect buyout,Tookie_Knows,https://www.reddit.com/r/stocks/comments/p6wbgf/netflix_and_viacom_the_perfect_buyout/,1629308994.0,67,61
194,u9qkm1,Disney pre-earnings run up,Indianmirage,https://www.reddit.com/r/stocks/comments/u9qkm1/disney_preearnings_run_up/,1650666622.0,30,13
195,mmy5l5,"Netflix strikes deal for streaming rights to Sony films, including upcoming 'Spider-Man' movies",coolcomfort123,https://www.reddit.com/r/stocks/comments/mmy5l5/netflix_strikes_deal_for_streaming_rights_to_sony/,1617906495.0,163,2046
196,ulvgfo,I’m calling today is the bottom!,ToTheGodDamnMoon69,https://www.reddit.com/r/stocks/comments/ulvgfo/im_calling_today_is_the_bottom/,1652114580.0,182,0
197,uwiw68,Questions to Zoom Shareholders / Bulls,arktiquefoxes,https://www.reddit.com/r/stocks/comments/uwiw68/questions_to_zoom_shareholders_bulls/,1653367529.0,21,12
198,u9a132,Cathie Wood's ARK funds sell nearly $100 million worth of Tesla stock after earnings,rugerapatt,https://www.reddit.com/r/stocks/comments/u9a132/cathie_woods_ark_funds_sell_nearly_100_million/,1650617473.0,51,116
199,uscsh9,$FWONA/K - Formula One Group DD,Aegabberty,https://www.reddit.com/r/stocks/comments/uscsh9/fwonak_formula_one_group_dd/,1652880051.0,26,20
200,u9t3u6,Thoughts on MSFT earnings next week?,Dildomuflin,https://www.reddit.com/r/stocks/comments/u9t3u6/thoughts_on_msft_earnings_next_week/,1650674274.0,21,17
201,udj04e,Contradictory views and why everybody is so confused,young-shark,https://www.reddit.com/r/stocks/comments/udj04e/contradictory_views_and_why_everybody_is_so/,1651108313.0,68,26
202,lf15za,What happens to shares of AMC if Netflix buys the company?,BlackRobotHole,https://www.reddit.com/r/stocks/comments/lf15za/what_happens_to_shares_of_amc_if_netflix_buys_the/,1612748958.0,331,1380
203,ufmpc5,"Why doesn't TSLA get included as part of mega caps, at 10x value of NFLX and almost twice the value of FB?",cobrauf,https://www.reddit.com/r/stocks/comments/ufmpc5/why_doesnt_tsla_get_included_as_part_of_mega_caps/,1651361008.0,93,71
204,sjvhda,"AMZN lives! But the FAANG is dead. FB and NFLX dont belong on the Mt Rushmore of Tech Giants, who replaces them?",didjerid00d,https://www.reddit.com/r/stocks/comments/sjvhda/amzn_lives_but_the_faang_is_dead_fb_and_nflx_dont/,1643925175.0,876,1646
205,t8s2nt,"What do you think is best value right now? (SQ, PYPL, FB, NFLX)",rednaxela39,https://www.reddit.com/r/stocks/comments/t8s2nt/what_do_you_think_is_best_value_right_now_sq_pypl/,1646667896.0,100,23
206,u8r1dv,Does it make sense for AAPL to buy NFLX?,daynightcase,https://www.reddit.com/r/stocks/comments/u8r1dv/does_it_make_sense_for_aapl_to_buy_nflx/,1650557157.0,23,0
207,udmh5o,Should MSFT buy NFLX?,Aegabberty,https://www.reddit.com/r/stocks/comments/udmh5o/should_msft_buy_nflx/,1651119220.0,19,0
208,u9wrll,"MSFT, NFLX, VZ, FB",Feeling-Key9567,https://www.reddit.com/r/stocks/comments/u9wrll/msft_nflx_vz_fb/,1650686285.0,6,7
209,s93o8q,Disney Stock $DIS $NFLX,andrewchapman17,https://www.reddit.com/r/stocks/comments/s93o8q/disney_stock_dis_nflx/,1642744244.0,66,35
210,ucixw0,NFLX breakdown of 2021 fiscal year [xpost u/DataIsBeautiful],provoko,https://www.reddit.com/r/stocks/comments/ucixw0/nflx_breakdown_of_2021_fiscal_year_xpost/,1650996898.0,1,8
211,s9syi4,"Dip in AMZN, NFLX, AAPL, EFX.",Prophetshark,https://www.reddit.com/r/stocks/comments/s9syi4/dip_in_amzn_nflx_aapl_efx/,1642822136.0,33,45
212,qwrfxd,AMD vs NVIDIA vs NFLX,greatsugarloaf,https://www.reddit.com/r/stocks/comments/qwrfxd/amd_vs_nvidia_vs_nflx/,1637247225.0,122,105
213,r2tope,What accounts for the huge price difference between $VIAC and $NFLX?,ankermouse11,https://www.reddit.com/r/stocks/comments/r2tope/what_accounts_for_the_huge_price_difference/,1637951526.0,33,30
214,q24d5g,NFLX whats going on?,daynightcase,https://www.reddit.com/r/stocks/comments/q24d5g/nflx_whats_going_on/,1633464281.0,92,109
215,qd0fo5,Why isn't DIS valued higher than NFLX?,Gamerindreams,https://www.reddit.com/r/stocks/comments/qd0fo5/why_isnt_dis_valued_higher_than_nflx/,1634847418.0,79,27
216,r7pin0,"What's caused NFLX to drop? Just COVID? Pre Squid Game levels, good dip? (Down 6+% this month)",Stallzy,https://www.reddit.com/r/stocks/comments/r7pin0/whats_caused_nflx_to_drop_just_covid_pre_squid/,1638503000.0,19,9
217,uiz9kf,The Nasdaq was up 3.19% on Wednesday and has fallen -4.12% so far on Thursday. I guess a lot of people fell into yesterday's trap?,Sunsmiling,https://www.reddit.com/r/stocks/comments/uiz9kf/the_nasdaq_was_up_319_on_wednesday_and_has_fallen/,1651762530.0,636,1490
218,muz471,Big miss on subscriber numbers for NFLX,RunningJay,https://www.reddit.com/r/stocks/comments/muz471/big_miss_on_subscriber_numbers_for_nflx/,1618949196.0,117,119
219,petjzw,Why has NFLX stock shot up recently?,carpitown,https://www.reddit.com/r/stocks/comments/petjzw/why_has_nflx_stock_shot_up_recently/,1630365065.0,19,8
220,p36d75,NFLX...Hold or Sell?,worldaven,https://www.reddit.com/r/stocks/comments/p36d75/nflxhold_or_sell/,1628794732.0,22,19
221,ub806p,Stop asking what you should buy.,Your_friend_Satan,https://www.reddit.com/r/stocks/comments/ub806p/stop_asking_what_you_should_buy/,1650845285.0,398,2329
222,uid196,What is Motley fool and are they trolling their readers.,KiithNaabal,https://www.reddit.com/r/stocks/comments/uid196/what_is_motley_fool_and_are_they_trolling_their/,1651688543.0,119,51
223,g1wta7,Finally sold NFLX,asdfoiqw,https://www.reddit.com/r/stocks/comments/g1wta7/finally_sold_nflx/,1586972698.0,547,1716
224,unlngs,"Alright bagholders, what are your biggest losers, why did you jump in, and most importantly why are you still holding?",Weaponsonline,https://www.reddit.com/r/stocks/comments/unlngs/alright_bagholders_what_are_your_biggest_losers/,1652307709.0,362,66
225,utnudu,High conviction bring-it-to-grave stocks,investulator,https://www.reddit.com/r/stocks/comments/utnudu/high_conviction_bringittograve_stocks/,1653031554.0,162,62
226,ud4v8g,Do you think these tech sell-offs are reasonable?,shmolhistorian,https://www.reddit.com/r/stocks/comments/ud4v8g/do_you_think_these_tech_selloffs_are_reasonable/,1651069661.0,340,183
227,ux2rt9,The South Park Investing Strategy,Adorable-Impression4,https://www.reddit.com/r/stocks/comments/ux2rt9/the_south_park_investing_strategy/,1653431150.0,43,186
228,t7996j,I started investing in January 2021 and now down 55% on my capital and feel like giving up on stocks forever.,joethemaker22,https://www.reddit.com/r/stocks/comments/t7996j/i_started_investing_in_january_2021_and_now_down/,1646486244.0,1062,3278
229,uda0to,$FB (Meta) down 5% ahead of earnings - anyone buying?,kriptonicx,https://www.reddit.com/r/stocks/comments/uda0to/fb_meta_down_5_ahead_of_earnings_anyone_buying/,1651083305.0,172,175
230,ux4wp5,Do you believe the days of big-tech market leadership are behind us?,kriptonicx,https://www.reddit.com/r/stocks/comments/ux4wp5/do_you_believe_the_days_of_bigtech_market/,1653437806.0,71,15
231,uofcca,A simple South Park index fund beats the S&P (not a total meme),SchemeElectronic9058,https://www.reddit.com/r/stocks/comments/uofcca/a_simple_south_park_index_fund_beats_the_sp_not_a/,1652401632.0,27,215
232,ucm3in,Lock in profits for a declining stock?,pedsdoc08,https://www.reddit.com/r/stocks/comments/ucm3in/lock_in_profits_for_a_declining_stock/,1651005390.0,26,23
233,um2n2b,P/E ratios on popular tickers,Backseat-critic,https://www.reddit.com/r/stocks/comments/um2n2b/pe_ratios_on_popular_tickers/,1652133875.0,104,29
234,uodehh,Why is speculative growth soaring today?,waterlimes,https://www.reddit.com/r/stocks/comments/uodehh/why_is_speculative_growth_soaring_today/,1652395585.0,62,27
235,u9tddr,Can FB keep going lower? In-depth analysis,0ssu,https://www.reddit.com/r/stocks/comments/u9tddr/can_fb_keep_going_lower_indepth_analysis/,1650675132.0,110,81
236,sxfyqa,The Bubble has Already Burst!,Miladyboi,https://www.reddit.com/r/stocks/comments/sxfyqa/the_bubble_has_already_burst/,1645403791.0,409,733
237,uyf37l,Looking for Put-leap targets as insurance against serious recession / stagflation next year,Unlead3dWombat,https://www.reddit.com/r/stocks/comments/uyf37l/looking_for_putleap_targets_as_insurance_against/,1653592395.0,20,3
238,umocwo,Correlation Finder,joots,https://www.reddit.com/r/stocks/comments/umocwo/correlation_finder/,1652204710.0,3,8
239,lw408b,"Streaming - NFLX, DIS, CMCSA, AMZN",crazyk2007,https://www.reddit.com/r/stocks/comments/lw408b/streaming_nflx_dis_cmcsa_amzn/,1614697487.0,14,0
240,up6uby,"On Friday, the Nasdaq rose 3.82%, the S&P rose 2.39% and the Dow rose 1.47%. After the big rally, do you think the dip is over?",Sunsmiling,https://www.reddit.com/r/stocks/comments/up6uby/on_friday_the_nasdaq_rose_382_the_sp_rose_239_and/,1652493047.0,79,0
241,u6o8ti,"Jim Cramer's, 04/14 Mad Money Stock Recommendations",rogcast51,https://www.reddit.com/r/stocks/comments/u6o8ti/jim_cramers_0414_mad_money_stock_recommendations/,1650317868.0,65,45
242,kwegiu,NFLX and T (AT&T),Raktaks,https://www.reddit.com/r/stocks/comments/kwegiu/nflx_and_t_att/,1610536726.0,8,8
243,9x0lfg,NFLX went from $420 to $295,cheesequake516,https://www.reddit.com/r/stocks/comments/9x0lfg/nflx_went_from_420_to_295/,1542206002.0,250,408
244,krr4q5,Is the Options Market Predicting a Spike in Netflix (NFLX) Stock,tangentZero,https://www.reddit.com/r/stocks/comments/krr4q5/is_the_options_market_predicting_a_spike_in/,1609950253.0,13,6
245,hvlgar,"Next TSLA, NKLA, NFLX, SPOT....",PZ1573,https://www.reddit.com/r/stocks/comments/hvlgar/next_tsla_nkla_nflx_spot/,1595385244.0,50,4
246,sbh68l,When do I start buying stocks?,MottIreggular94,https://www.reddit.com/r/stocks/comments/sbh68l/when_do_i_start_buying_stocks/,1643012128.0,194,167
247,s9mp82,"""All $ARKK buyers since July 2020 are under water.""",harrison_wintergreen,https://www.reddit.com/r/stocks/comments/s9mp82/all_arkk_buyers_since_july_2020_are_under_water/,1642803776.0,149,260
248,hfmyjr,SPOT the next NFLX?,andrewrush001,https://www.reddit.com/r/stocks/comments/hfmyjr/spot_the_next_nflx/,1593095026.0,39,13
249,ua5hjm,Bear case for GOOG/GOOGL,taintmoun,https://www.reddit.com/r/stocks/comments/ua5hjm/bear_case_for_googgoogl/,1650720604.0,43,4
250,8zecif,RIP NFLX,NRGT,https://www.reddit.com/r/stocks/comments/8zecif/rip_nflx/,1531771858.0,341,247
251,jexpzt,Are you buying NFLX on this dip?,iamgettingbuckets,https://www.reddit.com/r/stocks/comments/jexpzt/are_you_buying_nflx_on_this_dip/,1603225141.0,14,7
252,g5ow7s,Netflix(NFLX) vs Disney(DIS),EricZ0212,https://www.reddit.com/r/stocks/comments/g5ow7s/netflixnflx_vs_disneydis/,1587507065.0,30,13
253,l128x7,$NFLX killed it!!!,FartCentral55,https://www.reddit.com/r/stocks/comments/l128x7/nflx_killed_it/,1611118979.0,5,6
254,jed788,Is Netflix ($NFLX) Stock Undervalued?,satripat,https://www.reddit.com/r/stocks/comments/jed788/is_netflix_nflx_stock_undervalued/,1603148879.0,14,0
255,sflbzi,Next Week's Earnings!,gorays21,https://www.reddit.com/r/stocks/comments/sflbzi/next_weeks_earnings/,1643472839.0,74,54
256,u8fmrb,Why is GOOGL so loved?,vaseline_bottle,https://www.reddit.com/r/stocks/comments/u8fmrb/why_is_googl_so_loved/,1650516772.0,44,0
257,hz5lkx,For movie industry control in next 5-10 yrs - would you invest in DIS or NFLX?,lbs2306,https://www.reddit.com/r/stocks/comments/hz5lkx/for_movie_industry_control_in_next_510_yrs_would/,1595900563.0,21,4
258,ihxn6a,NFLX,Shaun8030,https://www.reddit.com/r/stocks/comments/ihxn6a/nflx/,1598576879.0,16,4
259,s9m4sz,I need a drink,paq12x,https://www.reddit.com/r/stocks/comments/s9m4sz/i_need_a_drink/,1642802319.0,180,384
260,rxcq3y,Which overpriced stock(s) are you most Bearish on?,Amzn4tw,https://www.reddit.com/r/stocks/comments/rxcq3y/which_overpriced_stocks_are_you_most_bearish_on/,1641469652.0,478,165
261,g46xzd,NFLX,w0nka0,https://www.reddit.com/r/stocks/comments/g46xzd/nflx/,1587299634.0,11,9
262,sbw6lg,Nasty sell-off for those that are heavy in tech.,RonDiDon,https://www.reddit.com/r/stocks/comments/sbw6lg/nasty_selloff_for_those_that_are_heavy_in_tech/,1643057560.0,214,173
263,tmmc4y,Upcoming Merger between Discovery & Warner bros DD,one32th,https://www.reddit.com/r/stocks/comments/tmmc4y/upcoming_merger_between_discovery_warner_bros_dd/,1648140034.0,27,32
264,ip68c1,Opinions on NFLX?,YungKiyan,https://www.reddit.com/r/stocks/comments/ip68c1/opinions_on_nflx/,1599613470.0,5,6
265,jexrlo,$NFLX shares are tumbling after significant ER expectations miss,DumbDumb2021,https://www.reddit.com/r/stocks/comments/jexrlo/nflx_shares_are_tumbling_after_significant_er/,1603225278.0,9,2
266,gpj9pi,Storytime: The time I bought Netflix (NFLX),Go_Dawgs111,https://www.reddit.com/r/stocks/comments/gpj9pi/storytime_the_time_i_bought_netflix_nflx/,1590293960.0,13,10
267,ihy0dd,Are FB & NFLX the weakest of the Faangm for long term?,NoIdeaWhatImDoing___,https://www.reddit.com/r/stocks/comments/ihy0dd/are_fb_nflx_the_weakest_of_the_faangm_for_long/,1598578355.0,16,1
268,u7v1lp,(4/20) Wednesday's Pre-Market Stock Movers & News,bigbear0083,https://www.reddit.com/r/stocks/comments/u7v1lp/420_wednesdays_premarket_stock_movers_news/,1650456622.0,5,21
269,9ixj1p,NFLX to $400?,bdjafari,https://www.reddit.com/r/stocks/comments/9ixj1p/nflx_to_400/,1537920622.0,98,92
270,hr4jfr,"I bought NFLX high, should I sell or wait until earnings?",highSpectrunGains,https://www.reddit.com/r/stocks/comments/hr4jfr/i_bought_nflx_high_should_i_sell_or_wait_until/,1594743681.0,16,1
271,ue12iy,What are some unknown companies in the digital media / entertainment / streaming industry?,sTroPkIN,https://www.reddit.com/r/stocks/comments/ue12iy/what_are_some_unknown_companies_in_the_digital/,1651168761.0,8,4
272,tibcg8,if i were to diversify on large caps stocks could I outperform the sp500?,Top-Conversation678,https://www.reddit.com/r/stocks/comments/tibcg8/if_i_were_to_diversify_on_large_caps_stocks_could/,1647744043.0,34,14
273,hsdn2l,NFLX today,QinJ,https://www.reddit.com/r/stocks/comments/hsdn2l/nflx_today/,1594919457.0,12,1
274,ufdelg,Pre-covid vs Non-covid Price Analysis,investulator,https://www.reddit.com/r/stocks/comments/ufdelg/precovid_vs_noncovid_price_analysis/,1651332557.0,4,4
275,acom6w,I’m expecting Netflix (NFLX) to take a pretty big hit at some point this year. What do you think?,davelikesaccounting,https://www.reddit.com/r/stocks/comments/acom6w/im_expecting_netflix_nflx_to_take_a_pretty_big/,1546647800.0,73,24
276,sxe27d,Dead Cat Bounce candidates,snapppdragonnn,https://www.reddit.com/r/stocks/comments/sxe27d/dead_cat_bounce_candidates/,1645398313.0,23,7
277,hs3vam,NFLX,iAmTheMadIrishMan,https://www.reddit.com/r/stocks/comments/hs3vam/nflx/,1594877008.0,21,0
278,g5zvru,NFLX - Can you believe negative guidance after 15m sub gains?,Sarkham89,https://www.reddit.com/r/stocks/comments/g5zvru/nflx_can_you_believe_negative_guidance_after_15m/,1587556957.0,32,0
